{
    "Objects": [
        {
            "name": "StaticObj_water_pond_50x50m",
            "pos": [
                3608.080078125,
                44.28329849243164,
                6636.2001953125
            ],
            "ypr": [
                -6.000000476837158,
                0.0,
                0.0
            ],
            "scale": 0.19499999284744264,
            "enableCEPersistency": 0
        }
    ]
}